Antibody,Chain,Sequence
236-15-049IgA1F06,VH,EVQLVESGGGLVQPGGSLRLSCAASGFTFSGYAMHWVRQVPGKGLEWVSSISGSGGSTYYADSVKGRFTISRDNSKNTLYLRLNSLRAGDTAVYSCAKDRVVPTALHGYLDSWGQGTLVTVSS
236-15-049IgA1F06,VL,EIVLTQSPATLSLSPGERATLSCRASQSVSTYLAWYQQKPGQAPRLLIYDASSRATGIPARFSGSGSGTDFTLTISSLEPEDFAVYYCQQRSNWPPITFGQGTRLEIK
241-15-068IgA2F06,VH,EVQLLESGGGLVQPGGSLRLSCAVSGFTFSSYAMHWVRQAPGKGLEWVSHISDSGYSTYYADSVKGRFTISRDNSKNKLYLQMNSLRAEDTAVYYCAKDGISRQVWLQGTFDSWGQGTLVTVSS
241-15-068IgA2F06,VL,EIVMTQSQATLSVSPGERATLSCRASQSVGSNLAWYQQKPGQAPRLLIYGASTRATNIPPRFSGSGSGTEFTLTISSLQSEDFAVYYCQQYHNWPPITFGQGTRLEIK
121-2C06,VH,EVQLLESGGGLVQPGGSLRLSCAASGFTFSRYAMKWVRQAPGKGLEWVSAISGSGISTYYADSVKGRFTISRDNSKNTLFLQMNSLRAEDTAVYYCAKDLEFDNVVAVAGLIGYWGPGILVTVSS
121-2C06,VL,EIVMTQSPATLSVSPGERATLSCRASQSISSSLAWYQQKPGQAPRLLIYGSSTRATGIPARFSGSGSGTEFTLTISSLQSEDFAVYYCQQYNNWPPLTFGGGTKVEIK
319-345,VH,EVQLQESGGGLVRPGGTLRLSCAASGFSFSNYNMYWVRQAPGKGLEWVSSISGSGLSTYYADSVKGRFTISRDKSKNTVYLHMNSLRAEDTALYYCTKDFSTYIPMTGTFDSWGQGTQVTVSS
319-345,VL,EIVMTQSPATLSVSPGERATLSCRASQSVNSNLAWYQQRPGQAPRLLIYTASTRATGIPARFSGSGSGTEFTLTISSIQPEDFAVYYCQQYSNWPPLTFGGGTKVEIK
350_145,VH,EVQLVESGGGLVQPGGSLRLSCSASGFTFSSYSMNWVRQAPGKGLEWLSYISSSSGSKYYADSVKGRFTISRDNAKNLVYLQMSSLRADDAAMYYCARSDYAVFYYGMDVWGQGTTVTVSS
350_145,VL,EIVMTQSPATLSVSPGERATLSCRASQSVSSNLAWYQQKPGQAPRLLIYGASTRATGIPARFSGSGSGTEFTLTISSLQSEDFAVYYCQQYYNWPPLTFGGGTKVEIK
222-1C06,VH,EVQLVESGGDLVQPGGSLRLSCVVSGFTFSTYSMNWVRQAPGKGLEWVSYISSSSLSRYYADSVKGRFTISRDNAKNSLSLQLNSLRAEDTAVYYCVRGSITWPTEYYLDYWGQGTLVTVSS
222-1C06,VL,EIVMTQSPATLSVSPGERATLSCRASQTIRSDLAWYQQKPGQPPRLIIYGASTRATGIPARFSGSGSGTEFTLTISSLQSEDSAVYFCQQYNNWPPLTFGGGTKVEIK
SFV0093G01,VH,QVQLVESGGGVVQPGRSLRLSCAASGFTFRIYAMHWVRQAPGKGLEWVAVISNEGTNKYYADSVKGRFTISRDNSKNTLYLQMNSLRPEDAAVYYCARDPSNPPHWGNFDSWGQGTLVTVSS
SFV0093G01,VL,EIVLTQSPGTLSLSPGERATLSCRASESVSTYLAWYQKKPGQAPRLLIYDASHRATGIPARFSGSGSGTDFTLTISSLESEDFGVYYCQQRSNWPPITFGQGTRLEIK
047-094F04,VH,EVQLVESGGGLVQPGGSLRLSCAASGFTFNTYNMNWVRQAPGKGLEWVSYISSSSLSRYYADSVKGRFTISRDNAKNSLFLQMNSLRAEDTAVYYCARGAQAGYSSFFPPTTFWGQGTLVTVSS
047-094F04,VL,EIVMTQSPATLSVSPGEGVTLSCRASQSVSSNLAWYQQKPGQAPRLLIYGASTRATGIPARFSGSGSGTEFTLTISSLQSEDFAVYYCQQYYNWPPLTFGGGTKVEIK
350_132,VH,EVQLVESGGGLVQPGGSLRLSCVASGFTFSNFGMHWVRQAPGKGLEWVSYISTSSLSTYYADSVKGRFIISRDNAKNSLYLQMNRLRAEDTAVYYCAREGGVVGPTLGRIDYWGRGTLVTVSS
350_132,VL,EIVMTQSPATLSMSPGERATLSCRASQSVSSSLAWYQQKPGQAPRLLIYGASTRATGIPARFSGSGSGTEFTLTISSLQSEDFAVYYCQQYNNWPPLTFGGGTKVEIK