Antibody,Chain,Sequence
002-S21F2_UCA,VH,QEVQLVQSGAEVKKPGESLKISCKGSGYSFTSYWIGWVRQMPGKGLEWMGIIYPGDSDTRYSPSFQGQVTISADKSISTAYLQWSSLKASDTAMYYCARGEMTTVFGDYWGQGTLVTVSS
002-S21F2_UCA,VL,DIQMTQSPSSLSASVGDRVTITCQASQDISNYLNWYQQKPGKAPKLLIYDASNLETGVPSRFSGSGSGTDFTFTISSLQPEDIATYYCQQYDNLLTWTFGQGTKVEIKRTV
Ab_1-20_UCA,VH,EVQLVESGGGLIQPGGSLRLSCAASGFTVSSNYMSWVRQAPGKGLEWVSVIYSGGSTYYADSVKGRFTISRDNSKNTLYLQMNSLRAEDTAVYYCARDLFYYGMDVWGKGTTVTVSS
Ab_1-20_UCA,VL,DIQLTQSPSFLSASVGDRVTITCRASQGISSYLAWYQQKPGKAPKLLIYAASTLQSGVPSRFSGSGSGTEFTLTISSLQPEDFATYYCQQLNSYPCFGPGTKVDIK
Ab_2-15_UCA,VH,QVQLVQSGAEVKKPGASVKVSCKASGYTFTGYYMHWVRQAPGQGLEWMGWINPNSGGTNYAQKFQGWVTMTRDTSISTAYMELSRLRSDDTAVYYCARGGSRCSGGSCYGWAYDAFDVWGQGTMVTVSS
Ab_2-15_UCA,VL,QSALTQPASVSGSPGQSITISCTGTSSDVGGYNYVSWYQQHPGKAPKLMIYEVSNRPSGVSNRFSGSKSGNTASLTISGLQAEDEADYYCSSYTSSSTLVFGTGTKVTV
CC12.1_UCA,VH,EVQLVESGGGLIQPGGSLRLSCAASGFTVSSNYMSWVRQAPGKGLEWVSVIYSGGSTYYADSVKGRFTISRDNSKNTLYLQMNSLRAEDTAVYYCARDLDVYGMDVWGQGTTVTVSS
CC12.1_UCA,VL,DIQLTQSPSFLSASVGDRVTITCRASQGISSYLAWYQQKPGKAPKLLIYAASTLQSGVPSRFSGSGSGTEFTLTISSLQPEDFATYYCQQLNSYPPKFTFGPGTKVDIK
C118_UCA,VH,QVQLVESGGGVVQPGRSLRLSCAASGFTFSSYAMHWVRQAPGKGLEWVAVISYDGSNKYYADSVKGRFTISRDNSKNTLYLQMNSLRAEDTAVYYCASGYSGYDYFVRGDYYGMDVWGQGTTVTVSS
C118_UCA,VL,QLVLTQSPSASASLGASVKLTCTLSSGHSSYAIAWHQQQPEKGPRYLMKLNSDGSHSKGDGIPDRFSGSSSGAERYLTISSLQSEDEADYYCQTWGTGILVFGGGTKLTVL
